k,upper_state,upper_v,coeff
1,EF1Sg,0,9.999980e-01
2,EF1Sg,1,9.999940e-01
3,EF1Sg,2,9.999710e-01
4,EF1Sg,3,9.999550e-01
5,EF1Sg,4,9.998940e-01
6,EF1Sg,5,9.977850e-01
8,EF1Sg,5,6.322000e-02
9,EF1Sg,5,2.058000e-02
10,EF1Sg,5,2.451000e-02
7,EF1Sg,6,9.994890e-01
8,EF1Sg,7,9.991120e-01
9,EF1Sg,8,9.987620e-01
10,EF1Sg,8,1.787000e-02
9,EF1Sg,9,1.602000e-02
10,EF1Sg,9,9.768400e-01
11,EF1Sg,9,3.119400e-02
13,EF1Sg,9,2.169100e-02
19,EF1Sg,9,2.684300e-02
20,EF1Sg,9,2.581700e-02
10,EF1Sg,10,2.857400e-02
11,EF1Sg,10,9.965610e-01
12,EF1Sg,10,2.754700e-02
14,EF1Sg,10,2.198600e-02
19,EF1Sg,10,3.024300e-02
28,EF1Sg,10,2.284700e-02
11,EF1Sg,11,2.529500e-02
12,EF1Sg,11,9.463660e-01
13,EF1Sg,11,3.877300e-02
15,EF1Sg,11,1.946900e-02
16,EF1Sg,11,1.861500e-02
30,EF1Sg,11,2.042600e-02
31,EF1Sg,11,1.994800e-02
12,EF1Sg,12,3.523500e-02
13,EF1Sg,12,9.936290e-01
14,EF1Sg,12,5.788200e-02
16,EF1Sg,12,2.186300e-02
17,EF1Sg,12,2.753400e-02
18,EF1Sg,12,2.425300e-02
19,EF1Sg,12,2.512300e-02
20,EF1Sg,12,2.591200e-02
21,EF1Sg,12,2.306300e-02
30,EF1Sg,12,2.583000e-02
31,EF1Sg,12,2.009300e-02
13,EF1Sg,13,5.061300e-02
14,EF1Sg,13,9.907410e-01
15,EF1Sg,13,6.357200e-02
17,EF1Sg,13,3.047900e-02
18,EF1Sg,13,4.259800e-02
19,EF1Sg,13,5.202200e-02
20,EF1Sg,13,3.361700e-02
21,EF1Sg,13,2.579200e-02
27,EF1Sg,13,2.755400e-02
28,EF1Sg,13,2.656300e-02
35,EF1Sg,13,3.019300e-02
15,EF1Sg,14,9.909110e-01
16,EF1Sg,14,5.979300e-02
18,EF1Sg,14,3.674600e-02
19,EF1Sg,14,5.150700e-02
20,EF1Sg,14,1.967800e-02
22,EF1Sg,14,2.105600e-02
23,EF1Sg,14,1.912500e-02
25,EF1Sg,14,2.490800e-02
26,EF1Sg,14,2.421600e-02
27,EF1Sg,14,2.370000e-02
28,EF1Sg,14,3.057700e-02
35,EF1Sg,14,2.367400e-02
38,EF1Sg,14,1.828400e-02
44,EF1Sg,14,6.147000e-02
15,EF1Sg,15,5.285700e-02
16,EF1Sg,15,9.909440e-01
17,EF1Sg,15,6.990700e-02
19,EF1Sg,15,1.945900e-02
22,EF1Sg,15,3.316500e-02
23,EF1Sg,15,3.175800e-02
25,EF1Sg,15,3.963800e-02
26,EF1Sg,15,2.221900e-02
29,EF1Sg,15,1.813700e-02
30,EF1Sg,15,2.840900e-02
31,EF1Sg,15,2.763000e-02
37,EF1Sg,15,1.563200e-02
38,EF1Sg,15,2.262700e-02
42,EF1Sg,15,1.739700e-02
16,EF1Sg,16,6.086400e-02
17,EF1Sg,16,9.819960e-01
18,EF1Sg,16,1.203380e-01
19,EF1Sg,16,5.504100e-02
20,EF1Sg,16,4.850800e-02
21,EF1Sg,16,4.274800e-02
22,EF1Sg,16,3.023700e-02
23,EF1Sg,16,3.138000e-02
25,EF1Sg,16,3.752500e-02
27,EF1Sg,16,2.170400e-02
29,EF1Sg,16,6.241000e-02
31,EF1Sg,16,3.366700e-02
32,EF1Sg,16,2.681900e-02
34,EF1Sg,16,2.715000e-02
35,EF1Sg,16,2.199700e-02
42,EF1Sg,16,2.195500e-02
17,EF1Sg,17,8.545000e-02
18,EF1Sg,17,9.483100e-01
19,EF1Sg,17,2.573670e-01
20,EF1Sg,17,1.046630e-01
21,EF1Sg,17,7.722100e-02
26,EF1Sg,17,1.908800e-02
27,EF1Sg,17,4.520700e-02
28,EF1Sg,17,3.094000e-02
30,EF1Sg,17,2.330300e-02
35,EF1Sg,17,3.851900e-02
17,EF1Sg,18,2.127000e-02
18,EF1Sg,18,1.118640e-01
19,EF1Sg,18,7.509970e-01
20,EF1Sg,18,6.099390e-01
21,EF1Sg,18,1.671570e-01
22,EF1Sg,18,8.517300e-02
23,EF1Sg,18,3.267400e-02
25,EF1Sg,18,2.547300e-02
26,EF1Sg,18,4.203500e-02
27,EF1Sg,18,5.478500e-02
28,EF1Sg,18,5.081000e-02
35,EF1Sg,18,3.912200e-02
18,EF1Sg,19,2.988100e-02
19,EF1Sg,19,1.071230e-01
20,EF1Sg,19,2.766900e-02
21,EF1Sg,19,3.129000e-02
22,EF1Sg,19,9.687960e-01
23,EF1Sg,19,1.467160e-01
25,EF1Sg,19,8.849400e-02
26,EF1Sg,19,5.793100e-02
27,EF1Sg,19,4.349600e-02
28,EF1Sg,19,5.788700e-02
29,EF1Sg,19,3.131700e-02
30,EF1Sg,19,2.614600e-02
31,EF1Sg,19,3.187500e-02
35,EF1Sg,19,2.396300e-02
38,EF1Sg,19,2.812900e-02
21,EF1Sg,20,2.162300e-02
22,EF1Sg,20,1.042870e-01
23,EF1Sg,20,9.515320e-01
24,EF1Sg,20,7.801900e-02
25,EF1Sg,20,2.376060e-01
26,EF1Sg,20,6.425800e-02
28,EF1Sg,20,4.725700e-02
29,EF1Sg,20,3.739700e-02
30,EF1Sg,20,5.150700e-02
31,EF1Sg,20,4.867300e-02
36,EF1Sg,20,2.082900e-02
37,EF1Sg,20,2.574100e-02
38,EF1Sg,20,2.881200e-02
20,EF1Sg,21,2.271300e-02
21,EF1Sg,21,2.608700e-02
22,EF1Sg,21,3.710500e-02
23,EF1Sg,21,1.013520e-01
24,EF1Sg,21,2.608100e-02
25,EF1Sg,21,6.683620e-01
26,EF1Sg,21,7.081840e-01
27,EF1Sg,21,1.375090e-01
29,EF1Sg,21,2.524100e-02
30,EF1Sg,21,3.108700e-02
31,EF1Sg,21,7.025900e-02
32,EF1Sg,21,5.529600e-02
35,EF1Sg,21,3.343700e-02
36,EF1Sg,21,2.192500e-02
37,EF1Sg,21,2.788300e-02
41,EF1Sg,21,2.024600e-02
42,EF1Sg,21,2.882800e-02
18,EF1Sg,22,2.334400e-02
19,EF1Sg,22,3.026800e-02
21,EF1Sg,22,2.155500e-02
23,EF1Sg,22,2.782100e-02
25,EF1Sg,22,7.979400e-02
26,EF1Sg,22,5.872600e-02
27,EF1Sg,22,8.160210e-01
28,EF1Sg,22,5.452660e-01
29,EF1Sg,22,6.506800e-02
30,EF1Sg,22,7.854000e-02
31,EF1Sg,22,4.720400e-02
32,EF1Sg,22,2.276300e-02
35,EF1Sg,22,6.343600e-02
37,EF1Sg,22,2.219300e-02
39,EF1Sg,22,2.448400e-02
41,EF1Sg,22,2.465800e-02
42,EF1Sg,22,2.504700e-02
18,EF1Sg,23,2.013500e-02
19,EF1Sg,23,3.037400e-02
26,EF1Sg,23,4.536400e-02
27,EF1Sg,23,1.593820e-01
28,EF1Sg,23,1.686540e-01
29,EF1Sg,23,9.553380e-01
30,EF1Sg,23,7.618300e-02
31,EF1Sg,23,7.081700e-02
33,EF1Sg,23,4.564400e-02
34,EF1Sg,23,2.027600e-02
35,EF1Sg,23,8.748000e-02
39,EF1Sg,23,3.142700e-02
41,EF1Sg,23,2.334400e-02
44,EF1Sg,23,2.055100e-02
19,EF1Sg,24,2.420600e-02
26,EF1Sg,24,3.155800e-02
27,EF1Sg,24,7.379900e-02
28,EF1Sg,24,8.712600e-02
29,EF1Sg,24,4.045300e-02
30,EF1Sg,24,9.201130e-01
31,EF1Sg,24,2.528620e-01
32,EF1Sg,24,1.949800e-01
33,EF1Sg,24,9.788700e-02
34,EF1Sg,24,5.257600e-02
35,EF1Sg,24,1.035350e-01
38,EF1Sg,24,3.923300e-02
39,EF1Sg,24,3.178300e-02
43,EF1Sg,24,2.095300e-02
44,EF1Sg,24,2.125500e-02
23,EF1Sg,25,2.060200e-02
25,EF1Sg,25,2.689700e-02
27,EF1Sg,25,3.181900e-02
28,EF1Sg,25,5.122300e-02
30,EF1Sg,25,1.260850e-01
31,EF1Sg,25,1.010670e-01
32,EF1Sg,25,2.011460e-01
33,EF1Sg,25,9.371500e-01
34,EF1Sg,25,1.338310e-01
35,EF1Sg,25,1.131880e-01
36,EF1Sg,25,5.766900e-02
37,EF1Sg,25,4.340500e-02
38,EF1Sg,25,6.108000e-02
39,EF1Sg,25,2.421000e-02
40,EF1Sg,25,2.348400e-02
42,EF1Sg,25,2.076400e-02
43,EF1Sg,25,2.129000e-02
25,EF1Sg,26,2.627100e-02
28,EF1Sg,26,2.804200e-02
30,EF1Sg,26,6.346800e-02
31,EF1Sg,26,7.492500e-02
32,EF1Sg,26,9.779300e-02
33,EF1Sg,26,4.581600e-02
34,EF1Sg,26,1.560740e-01
36,EF1Sg,26,1.597250e-01
37,EF1Sg,26,9.307900e-02
38,EF1Sg,26,8.446900e-02
40,EF1Sg,26,3.225900e-02
42,EF1Sg,26,4.093300e-02
25,EF1Sg,27,2.193600e-02
30,EF1Sg,27,3.363200e-02
31,EF1Sg,27,5.652300e-02
32,EF1Sg,27,6.131100e-02
34,EF1Sg,27,8.377900e-02
35,EF1Sg,27,8.239200e-02
36,EF1Sg,27,9.439540e-01
37,EF1Sg,27,2.303130e-01
38,EF1Sg,27,1.223120e-01
39,EF1Sg,27,2.924400e-02
40,EF1Sg,27,4.308400e-02
41,EF1Sg,27,4.508900e-02
42,EF1Sg,27,6.241800e-02
31,EF1Sg,28,4.083800e-02
32,EF1Sg,28,3.852100e-02
34,EF1Sg,28,2.919200e-02
35,EF1Sg,28,7.776000e-02
36,EF1Sg,28,1.099720e-01
37,EF1Sg,28,8.578790e-01
38,EF1Sg,28,4.361390e-01
39,EF1Sg,28,1.363330e-01
40,EF1Sg,28,6.740000e-02
41,EF1Sg,28,9.271300e-02
42,EF1Sg,28,8.840700e-02
44,EF1Sg,28,2.245500e-02
31,EF1Sg,29,2.771200e-02
32,EF1Sg,29,2.256100e-02
35,EF1Sg,29,6.622700e-02
36,EF1Sg,29,4.554700e-02
37,EF1Sg,29,1.204120e-01
38,EF1Sg,29,4.743100e-02
39,EF1Sg,29,7.765420e-01
40,EF1Sg,29,5.310440e-01
41,EF1Sg,29,2.320140e-01
42,EF1Sg,29,1.347270e-01
43,EF1Sg,29,4.273100e-02
44,EF1Sg,29,4.987500e-02
35,EF1Sg,30,5.328400e-02
36,EF1Sg,30,2.018200e-02
37,EF1Sg,30,4.806800e-02
39,EF1Sg,30,1.382720e-01
41,EF1Sg,30,8.793320e-01
42,EF1Sg,30,3.889050e-01
43,EF1Sg,30,1.367110e-01
44,EF1Sg,30,1.001550e-01
35,EF1Sg,31,4.052400e-02
37,EF1Sg,31,2.065500e-02
39,EF1Sg,31,7.403600e-02
41,EF1Sg,31,1.370080e-01
42,EF1Sg,31,1.707720e-01
43,EF1Sg,31,9.093190e-01
44,EF1Sg,31,2.666510e-01
35,EF1Sg,32,2.633700e-02
39,EF1Sg,32,4.156700e-02
41,EF1Sg,32,5.878900e-02
42,EF1Sg,32,4.073800e-02
43,EF1Sg,32,1.170540e-01
44,EF1Sg,32,8.446090e-01
