k,lower_state,lower_v,A_s_inv
1,B1Su,0,2.499027e+06
1,B1Su,1,1.599377e+06
1,B1Su,2,6.157602e+05
1,B1Su,3,1.729327e+05
1,B1Su,4,3.728548e+04
1,B1Su,5,5.617812e+03
2,B1Su,1,1.494274e+04
2,B1Su,2,8.684842e+04
2,B1Su,3,2.386827e+05
2,B1Su,4,3.128950e+05
2,B1Su,5,1.835250e+05
2,B1Su,6,3.710614e+04
3,B1Su,0,7.442228e+03
3,B1Su,1,8.264685e+04
3,B1Su,2,3.430245e+05
3,B1Su,3,6.007944e+05
3,B1Su,4,3.520515e+05
3,B1Su,5,1.584733e+04
3,B1Su,6,5.305847e+04
3,B1Su,7,5.165428e+04
3,B1Su,8,3.480395e+03
4,B1Su,0,5.210883e+06
4,B1Su,1,5.840990e+03
4,B1Su,2,5.420919e+05
4,B1Su,3,7.961349e+05
4,B1Su,4,4.240719e+05
4,B1Su,5,1.510256e+05
4,B1Su,6,5.020851e+04
4,B1Su,7,5.901000e+03
4,B1Su,9,6.681132e+03
4,C1Pu,0,7.161213e+03
5,B1Su,0,6.957723e+03
5,B1Su,1,2.839887e+05
5,B1Su,2,8.245815e+05
5,B1Su,3,7.049005e+05
5,B1Su,4,1.298234e+05
5,B1Su,5,1.034530e+05
5,B1Su,6,1.430086e+05
5,B1Su,9,1.328661e+04
6,B1Su,0,1.222021e+05
6,B1Su,1,8.474016e+05
6,B1Su,2,1.181955e+06
6,B1Su,3,5.088416e+05
6,B1Su,4,2.934854e+03
6,B1Su,5,3.445699e+05
6,B1Su,6,2.343877e+04
6,B1Su,7,7.522442e+04
6,B1Su,8,3.485765e+04
6,B1Su,10,8.574181e+03
7,B1Su,0,3.706463e+06
7,B1Su,1,5.174870e+06
7,B1Su,2,2.714022e+05
7,B1Su,3,2.825418e+04
7,B1Su,5,4.617888e+05
7,B1Su,6,3.736844e+05
7,B1Su,7,4.617888e+04
7,B1Su,8,8.142066e+03
7,B1Su,9,1.964628e+04
7,B1Su,10,4.628015e+03
7,C1Pu,1,4.941951e+03
8,B1Su,0,1.779193e+05
8,B1Su,1,8.688574e+04
8,B1Su,2,2.914383e+06
8,B1Su,3,2.019329e+05
8,B1Su,4,9.114270e+04
8,B1Su,5,5.566800e+04
8,B1Su,6,7.629790e+03
8,B1Su,7,2.958045e+05
8,B1Su,8,2.663332e+04
8,B1Su,9,3.121774e+04
8,B1Su,11,1.056600e+04
8,B1Su,12,8.142809e+03
8,C1Pu,1,2.073906e+03
9,B1Su,0,1.277398e+05
9,B1Su,1,2.156248e+06
9,B1Su,2,2.381070e+06
9,B1Su,3,2.135809e+05
9,B1Su,4,4.353372e+05
9,B1Su,5,6.203044e+03
9,B1Su,6,6.346112e+04
9,B1Su,7,8.216223e+04
9,B1Su,8,1.962083e+05
9,B1Su,9,1.032137e+03
9,B1Su,10,2.493481e+04
9,C1Pu,1,2.023398e+03
10,B1Su,0,4.535742e+05
10,B1Su,1,3.079825e+06
10,B1Su,2,3.723788e+05
10,B1Su,3,2.389198e+06
10,B1Su,4,5.049046e+05
10,B1Su,5,4.321088e+05
10,B1Su,6,5.655679e+04
10,B1Su,7,2.426529e+03
10,B1Su,8,1.166600e+05
10,B1Su,9,1.633240e+05
10,B1Su,10,1.297260e+04
10,B1Su,11,5.385027e+03
10,B1Su,12,4.545075e+03
10,B1Su,13,2.277204e+03
10,C1Pu,1,3.863780e+03
11,B1Su,0,2.104178e+05
11,B1Su,1,4.022273e+05
11,B1Su,2,8.874766e+05
11,B1Su,3,1.588869e+06
11,B1Su,4,1.412805e+04
11,B1Su,5,8.287886e+04
11,B1Su,6,8.144745e+05
11,B1Su,7,7.500609e+04
11,B1Su,8,3.721676e+03
11,B1Su,9,6.398420e+04
11,B1Su,10,1.946723e+05
11,B1Su,11,3.263624e+04
11,B1Su,12,2.462032e+04
11,B1Su,13,4.737980e+03
11,C1Pu,1,1.717697e+03
11,C1Pu,2,5.668399e+03
11,C1Pu,3,2.762629e+03
12,B1Su,0,5.920306e+03
12,B1Su,1,2.023186e+05
12,B1Su,2,2.023186e+06
12,B1Su,5,6.699731e+05
12,B1Su,6,4.626794e+05
12,B1Su,7,6.368061e+05
12,B1Su,8,1.213912e+04
12,B1Su,9,7.694740e+03
12,B1Su,10,6.766065e+04
12,B1Su,11,1.757850e+05
12,B1Su,13,6.285143e+03
12,B1Su,14,6.616813e+03
12,C1Pu,2,1.293512e+04
13,B1Su,0,1.026782e+04
13,B1Su,1,4.100425e+05
13,B1Su,2,6.636655e+05
13,B1Su,3,3.351846e+04
13,B1Su,4,6.659001e+05
13,B1Su,5,1.664750e+06
13,B1Su,6,5.698138e+04
13,B1Su,7,4.524992e+05
13,B1Su,8,3.228945e+05
13,B1Su,9,6.915976e+03
13,B1Su,11,4.390918e+04
13,B1Su,12,9.485725e+04
13,B1Su,13,1.921725e+04
13,B1Su,14,1.474812e+03
13,B1Su,15,4.078079e+03
13,C1Pu,2,9.027639e+03
14,B1Su,0,1.607184e+04
14,B1Su,1,1.886694e+05
14,B1Su,2,2.385820e+04
14,B1Su,3,7.157460e+05
14,B1Su,4,7.117530e+03
14,B1Su,5,1.088094e+06
14,B1Su,6,8.804574e+05
14,B1Su,7,2.665330e+03
14,B1Su,8,4.362357e+05
14,B1Su,9,2.285995e+05
14,B1Su,10,2.765155e+03
14,B1Su,11,1.088094e+03
14,B1Su,12,2.515593e+04
14,B1Su,13,6.368842e+04
14,B1Su,14,1.816817e+04
14,B1Su,16,3.234333e+03
14,C1Pu,2,3.254298e+03
14,C1Pu,3,3.603686e+03
14,C1Pu,4,1.527324e+03
15,B1Su,0,8.135779e+03
15,B1Su,1,2.021436e+04
15,B1Su,2,6.824848e+04
15,B1Su,3,2.902061e+05
15,B1Su,4,3.892765e+05
15,B1Su,5,1.511073e+05
15,B1Su,6,1.160825e+06
15,B1Su,7,3.942800e+05
15,B1Su,8,6.994968e+04
15,B1Su,9,4.202985e+05
15,B1Su,10,1.370974e+05
15,B1Su,12,1.971400e+03
15,B1Su,13,1.751244e+04
15,B1Su,14,4.923497e+04
15,B1Su,15,1.631159e+04
15,B1Su,17,2.671898e+03
15,C1Pu,3,9.726909e+03
15,C1Pu,4,2.932083e+03
16,B1Su,0,5.184210e+03
16,B1Su,1,5.274213e+03
16,B1Su,2,2.736111e+05
16,B1Su,3,5.778234e+04
16,B1Su,4,9.450382e+05
16,B1Su,5,7.974323e+04
16,B1Su,6,1.047642e+06
16,B1Su,7,1.260051e+06
16,B1Su,8,1.944079e+05
16,B1Su,9,3.240131e+05
16,B1Su,10,6.552265e+05
16,B1Su,11,1.432858e+05
16,B1Su,13,1.908077e+03
16,B1Su,14,2.808114e+04
16,B1Su,15,7.056286e+04
16,B1Su,16,2.592105e+04
16,B1Su,18,3.546144e+03
16,C1Pu,3,1.872076e+04
17,B1Su,1,2.015201e+04
17,B1Su,2,1.223157e+05
17,B1Su,3,3.148126e+03
17,B1Su,4,2.767142e+05
17,B1Su,5,2.977686e+05
17,B1Su,6,5.614491e+04
17,B1Su,7,8.431763e+05
17,B1Su,8,6.286225e+05
17,B1Su,9,7.348968e+03
17,B1Su,10,2.676909e+05
17,B1Su,11,3.158151e+05
17,B1Su,12,5.664621e+04
17,B1Su,15,1.203105e+04
17,B1Su,16,2.987712e+04
17,B1Su,17,1.313390e+04
17,B1Su,19,1.193079e+03
17,C1Pu,3,1.704399e+03
17,C1Pu,4,3.679497e+03
17,C1Pu,5,2.837323e+03
18,B1Su,0,3.549096e+03
18,B1Su,1,1.604111e+04
18,B1Su,2,6.416444e+04
18,B1Su,3,5.804877e+03
18,B1Su,4,2.917477e+04
18,B1Su,5,2.536500e+05
18,B1Su,6,5.413875e+04
18,B1Su,7,2.055267e+05
18,B1Su,8,6.957831e+05
18,B1Su,9,3.228273e+05
18,B1Su,10,9.033150e+03
18,B1Su,11,2.917477e+05
18,B1Su,12,2.516449e+05
18,B1Su,13,4.100509e+04
18,B1Su,15,1.203083e+03
18,B1Su,16,5.744722e+03
18,B1Su,17,1.985087e+04
18,B1Su,18,1.132903e+04
18,B1Su,19,1.303340e+03
18,C1Pu,3,1.443700e+03
18,C1Pu,4,1.914907e+04
18,C1Pu,5,5.885082e+03
19,B1Su,0,3.765970e+05
19,B1Su,1,5.563593e+04
19,B1Su,2,2.078816e+05
19,B1Su,3,7.300961e+04
19,B1Su,4,5.543508e+04
19,B1Su,6,7.732792e+04
19,B1Su,7,2.299752e+04
19,B1Su,8,7.230663e+04
19,B1Su,9,2.721541e+05
19,B1Su,10,1.044429e+05
19,B1Su,11,1.385877e+04
19,B1Su,12,1.556601e+05
19,B1Su,13,1.235238e+05
19,B1Su,14,1.395920e+04
19,B1Su,15,3.886481e+03
19,B1Su,16,6.417213e+03
19,B1Su,18,6.296702e+03
19,B1Su,19,6.377043e+03
19,C1Pu,0,1.466218e+05
19,C1Pu,1,2.058730e+04
19,C1Pu,2,1.898049e+03
19,C1Pu,4,4.057205e+04
19,C1Pu,5,1.255323e+04
20,B1Su,0,3.366013e+06
20,B1Su,1,1.917729e+06
20,B1Su,2,1.418320e+06
20,B1Su,3,1.787882e+05
20,B1Su,4,1.957681e+05
20,B1Su,5,5.423576e+05
20,B1Su,6,1.787882e+05
20,B1Su,7,4.195031e+04
20,B1Su,8,3.755552e+05
20,B1Su,9,2.966486e+05
20,B1Su,10,1.368379e+04
20,B1Su,11,6.562228e+04
20,B1Su,12,1.128663e+05
20,B1Su,13,4.175055e+04
20,B1Su,14,2.696806e+03
20,B1Su,16,3.385990e+03
20,B1Su,17,1.188592e+04
20,B1Su,18,1.038770e+04
20,B1Su,19,2.816664e+03
20,B1Su,20,1.887764e+03
20,C1Pu,0,2.007622e+06
20,C1Pu,1,5.942961e+04
20,C1Pu,3,7.201471e+03
20,C1Pu,4,6.172689e+03
20,C1Pu,5,2.037587e+04
20,C1Pu,6,2.716782e+03
20,Bp1Su,0,1.757918e+04
21,B1Su,0,1.451673e+07
21,B1Su,1,1.281477e+07
21,B1Su,2,4.945700e+06
21,B1Su,3,3.624177e+06
21,B1Su,4,2.352712e+05
21,B1Su,6,1.681938e+03
21,B1Su,7,4.024638e+04
21,B1Su,8,6.717742e+04
21,B1Su,9,2.953404e+04
21,B1Su,11,5.926831e+03
21,B1Su,12,6.677696e+03
21,B1Su,13,2.312665e+03
21,B1Su,15,1.231419e+03
21,B1Su,16,2.482861e+03
21,B1Su,17,2.462838e+03
21,B1Su,18,1.011165e+03
21,C1Pu,0,1.151327e+07
21,C1Pu,1,1.691950e+04
21,C1Pu,2,3.203692e+04
21,C1Pu,4,3.694258e+03
21,C1Pu,5,1.101269e+04
21,C1Pu,6,1.531765e+03
21,Bp1Su,0,1.241431e+05
22,B1Su,1,1.417938e+04
22,B1Su,2,3.801281e+04
22,B1Su,3,1.257037e+05
22,B1Su,4,2.051485e+03
22,B1Su,5,7.310929e+04
22,B1Su,6,2.614638e+05
22,B1Su,7,6.999183e+04
22,B1Su,8,1.055911e+05
22,B1Su,9,5.812540e+05
22,B1Su,10,4.223645e+05
22,B1Su,11,1.196699e+04
22,B1Su,12,1.518501e+05
22,B1Su,13,2.936439e+05
22,B1Su,14,1.327431e+05
22,B1Su,15,1.025742e+04
22,B1Su,16,1.448107e+03
22,B1Su,18,5.520908e+03
22,B1Su,19,1.357600e+04
22,B1Su,21,1.860415e+03
22,C1Pu,0,3.298466e+03
22,C1Pu,4,8.950105e+03
22,C1Pu,5,6.134342e+03
22,C1Pu,6,5.028149e+03
23,B1Su,0,5.432439e+03
23,B1Su,1,1.252869e+05
23,B1Su,2,2.114842e+05
23,B1Su,3,8.369163e+03
23,B1Su,4,5.472531e+03
23,B1Su,5,2.385462e+03
23,B1Su,6,1.112547e+05
23,B1Su,7,1.784085e+05
23,B1Su,8,7.767786e+03
23,B1Su,9,1.804131e+05
23,B1Su,10,4.740855e+05
23,B1Su,11,2.084774e+05
23,B1Su,12,1.603672e+03
23,B1Su,13,1.754016e+05
23,B1Su,14,2.285233e+05
23,B1Su,15,8.078497e+04
23,B1Su,16,2.575898e+03
23,B1Su,17,3.758606e+03
23,B1Su,19,2.646059e+03
23,B1Su,20,8.389209e+03
23,B1Su,21,6.905812e+03
23,B1Su,22,2.245141e+03
23,C1Pu,0,3.387757e+04
23,C1Pu,1,4.931291e+04
23,C1Pu,2,4.911245e+03
23,C1Pu,5,8.469393e+03
23,C1Pu,6,3.878882e+03
23,Bp1Su,0,2.776357e+03
23,Bp1Su,1,5.101681e+03
24,B1Su,0,9.868332e+05
24,B1Su,1,5.863792e+06
24,B1Su,2,4.040295e+04
24,B1Su,3,5.220205e+04
24,B1Su,4,8.974461e+04
24,B1Su,5,1.902157e+04
24,B1Su,6,1.344381e+03
24,B1Su,8,5.220205e+02
24,B1Su,9,1.662599e+03
24,B1Su,10,1.215664e+03
24,B1Su,13,4.254824e+02
24,B1Su,20,3.246538e+03
24,C1Pu,0,1.526731e+06
24,C1Pu,1,1.619694e+05
24,C1Pu,2,3.096368e+03
24,C1Pu,3,1.144154e+03
24,C1Pu,4,3.825766e+03
24,Bp1Su,0,2.828207e+05
25,B1Su,0,5.052107e+04
25,B1Su,1,1.360567e+06
25,B1Su,2,2.721135e+06
25,B1Su,3,6.672783e+05
25,B1Su,4,1.690705e+06
25,B1Su,5,3.491456e+04
25,B1Su,7,4.621928e+04
25,B1Su,8,8.513551e+04
25,B1Su,9,1.120467e+04
25,B1Su,10,5.222178e+04
25,B1Su,11,1.460609e+05
25,B1Su,12,5.632349e+04
25,B1Su,13,2.350981e+03
25,B1Su,14,6.862862e+04
25,B1Su,15,7.713217e+04
25,B1Su,16,2.130889e+04
25,B1Su,19,3.411423e+03
25,B1Su,21,2.100876e+03
25,B1Su,22,2.761152e+03
25,B1Su,23,1.500626e+03
25,C1Pu,0,1.510630e+06
25,C1Pu,1,1.090455e+06
25,C1Pu,2,4.611924e+04
25,C1Pu,3,1.610672e+04
25,C1Pu,4,4.982078e+03
25,C1Pu,5,1.890789e+04
25,C1Pu,6,1.660693e+04
25,Bp1Su,0,1.530638e+04
25,Bp1Su,1,9.403922e+03
26,B1Su,0,1.284751e+05
26,B1Su,1,1.049825e+06
26,B1Su,3,6.962128e+05
26,B1Su,4,4.025554e+06
26,B1Su,5,9.898702e+04
26,B1Su,6,1.095097e+05
26,B1Su,7,1.676294e+05
26,B1Su,8,5.298069e+03
26,B1Su,9,1.688530e+05
26,B1Su,10,5.249126e+05
26,B1Su,11,3.572832e+05
26,B1Su,12,2.789746e+04
26,B1Su,13,6.007741e+04
26,B1Su,14,1.872066e+05
26,B1Su,15,1.358166e+05
26,B1Su,16,3.756368e+04
26,B1Su,17,2.655153e+03
26,B1Su,18,7.855336e+03
26,B1Su,19,1.994423e+03
26,B1Su,20,7.341436e+03
26,B1Su,21,8.063343e+03
26,B1Su,22,4.037790e+03
26,C1Pu,0,1.179524e+06
26,C1Pu,1,1.284751e+06
26,C1Pu,2,3.474946e+04
26,C1Pu,3,1.333694e+04
26,C1Pu,4,2.936574e+03
26,C1Pu,5,1.553937e+03
26,C1Pu,6,3.658482e+04
26,C1Pu,7,9.972117e+03
26,Bp1Su,0,9.103380e+03
26,Bp1Su,1,1.443816e+04
27,B1Su,0,2.162900e+05
27,B1Su,1,1.972645e+05
27,B1Su,2,1.091464e+06
27,B1Su,3,2.243008e+06
27,B1Su,4,1.792404e+04
27,B1Su,5,6.138231e+05
27,B1Su,6,2.383196e+05
27,B1Su,7,1.241665e+05
27,B1Su,8,6.148245e+04
27,B1Su,10,1.201611e+05
27,B1Su,11,3.264377e+05
27,B1Su,12,2.132860e+05
27,B1Su,13,1.552081e+04
27,B1Su,14,5.627546e+04
27,B1Su,15,1.722310e+05
27,B1Su,16,1.421907e+05
27,B1Su,17,4.395895e+04
27,B1Su,21,1.101477e+03
27,B1Su,22,3.594821e+03
27,B1Su,23,3.424592e+03
27,B1Su,24,1.922578e+03
27,C1Pu,0,3.895223e+05
27,C1Pu,1,1.021370e+06
27,C1Pu,2,3.624861e+03
27,C1Pu,3,3.414579e+04
27,C1Pu,4,2.032726e+03
27,C1Pu,5,2.473317e+03
27,C1Pu,6,2.663572e+04
27,C1Pu,7,1.471974e+04
27,Bp1Su,0,3.604834e+03
27,Bp1Su,1,1.802417e+04
28,B1Su,0,7.110100e+05
28,B1Su,1,2.770039e+05
28,B1Su,2,2.950041e+06
28,B1Su,3,6.360089e+06
28,B1Su,4,9.000126e+05
28,B1Su,5,3.540050e+06
28,B1Su,6,6.920097e+05
28,B1Su,7,6.740094e+03
28,B1Su,8,2.510035e+04
28,B1Su,9,1.000014e+03
28,B1Su,10,5.000070e+04
28,B1Su,11,9.230129e+04
28,B1Su,12,2.430034e+04
28,B1Su,13,4.140058e+03
28,B1Su,14,3.900055e+04
28,B1Su,15,2.990042e+04
28,B1Su,16,2.830040e+03
28,B1Su,17,3.670051e+03
28,B1Su,18,2.360033e+03
28,B1Su,21,2.400034e+03
28,B1Su,22,2.820040e+03
28,B1Su,23,1.230017e+03
28,B1Su,25,1.890026e+03
28,C1Pu,0,1.030014e+06
28,C1Pu,1,3.640051e+06
28,C1Pu,2,9.270130e+04
28,C1Pu,3,7.800109e+04
28,C1Pu,4,3.040043e+03
28,C1Pu,5,3.740052e+03
28,C1Pu,6,3.260046e+04
28,C1Pu,7,1.340019e+04
28,C1Pu,8,1.050015e+03
28,Bp1Su,0,1.280018e+04
28,Bp1Su,1,7.270102e+04
29,B1Su,0,4.659334e+04
29,B1Su,2,1.488398e+05
29,B1Su,3,6.449726e+05
29,B1Su,4,1.930604e+05
29,B1Su,5,6.579152e+05
29,B1Su,6,1.844320e+05
29,B1Su,7,2.092386e+03
29,B1Su,8,8.218547e+04
29,B1Su,9,5.015255e+04
29,B1Su,10,4.292627e+04
29,B1Su,11,4.098488e+05
29,B1Su,12,4.044560e+05
29,B1Su,13,1.154048e+05
29,B1Su,14,8.488184e+03
29,B1Su,15,1.466827e+05
29,B1Su,16,1.865891e+05
29,B1Su,17,8.110692e+04
29,B1Su,18,1.020308e+04
29,B1Su,19,3.828851e+03
29,B1Su,20,2.459093e+03
29,B1Su,22,3.569999e+03
29,B1Su,23,6.115375e+03
29,B1Su,24,4.788760e+03
29,B1Su,25,3.688639e+03
29,C1Pu,0,7.334136e+04
29,C1Pu,1,4.012204e+05
29,C1Pu,2,7.679272e+04
29,C1Pu,3,1.175619e+03
29,C1Pu,4,3.386645e+03
29,C1Pu,5,9.642232e+03
29,C1Pu,8,1.197190e+04
29,Bp1Su,0,1.607039e+03
29,Bp1Su,1,1.046193e+04
30,B1Su,0,8.183962e+03
30,B1Su,1,1.807119e+04
30,B1Su,2,2.336791e+04
30,B1Su,4,3.728480e+05
30,B1Su,5,6.137972e+05
30,B1Su,6,4.060824e+04
30,B1Su,7,6.231443e+04
30,B1Su,8,7.436189e+04
30,B1Su,9,6.210672e+04
30,B1Su,10,1.495546e+03
30,B1Su,11,1.900590e+05
30,B1Su,12,4.019281e+05
30,B1Su,13,2.887235e+05
30,B1Su,14,3.728480e+04
30,B1Su,15,3.126107e+04
30,B1Su,16,1.620175e+05
30,B1Su,17,1.734418e+05
30,B1Su,18,7.913933e+03
30,B1Su,19,1.142431e+03
30,B1Su,23,2.305634e+03
30,B1Su,24,3.967352e+03
30,B1Su,26,1.962905e+03
30,C1Pu,0,2.025219e+03
30,C1Pu,2,3.832338e+03
30,C1Pu,3,4.683968e+03
30,C1Pu,4,3.001479e+03
30,C1Pu,5,1.015725e+04
30,C1Pu,7,1.713647e+04
31,B1Su,0,2.862790e+06
31,B1Su,1,4.364253e+05
31,B1Su,3,4.494380e+05
31,B1Su,4,3.963863e+06
31,B1Su,5,3.473385e+04
31,B1Su,6,2.322263e+06
31,B1Su,7,8.828603e+05
31,B1Su,8,1.411375e+05
31,B1Su,10,3.403316e+03
31,B1Su,11,1.481444e+03
31,B1Su,12,1.191161e+03
31,B1Su,13,2.542478e+03
31,B1Su,15,1.281249e+03
31,B1Su,16,2.021970e+03
31,B1Su,18,1.621580e+03
31,B1Su,19,5.765618e+03
31,B1Su,20,6.206047e+03
31,B1Su,21,2.922848e+03
31,C1Pu,0,3.253170e+05
31,C1Pu,1,3.093014e+05
31,C1Pu,2,1.461424e+06
31,C1Pu,4,4.954828e+04
31,C1Pu,6,3.733638e+03
31,C1Pu,7,4.454341e+04
31,C1Pu,8,1.361327e+04
31,Bp1Su,0,5.014887e+03
31,Bp1Su,1,3.243160e+05
31,Bp1Su,2,4.124019e+04
32,B1Su,0,7.762796e+06
32,B1Su,1,4.672053e+04
32,B1Su,3,1.180849e+06
32,B1Su,4,2.567062e+06
32,B1Su,5,3.717106e+04
32,B1Su,6,1.026825e+06
32,B1Su,7,2.248746e+05
32,B1Su,8,9.251692e+03
32,B1Su,9,5.914511e+03
32,B1Su,10,5.390830e+03
32,B1Su,13,2.423307e+03
32,B1Su,14,6.294436e+03
32,B1Su,15,4.918491e+03
32,B1Su,17,2.597867e+03
32,B1Su,18,9.703494e+03
32,B1Su,19,1.129507e+04
32,B1Su,20,6.160949e+03
32,B1Su,21,1.365677e+03
32,C1Pu,0,2.484916e+04
32,C1Pu,1,9.960201e+06
32,C1Pu,2,1.509432e+04
32,C1Pu,3,1.180849e+03
32,C1Pu,4,2.104991e+04
32,C1Pu,5,1.714797e+03
32,C1Pu,7,3.296108e+04
32,Bp1Su,1,3.296108e+05
32,Bp1Su,2,1.725066e+03
33,B1Su,0,3.993657e+05
33,B1Su,1,6.477212e+04
33,B1Su,2,2.787239e+04
33,B1Su,3,4.714733e+05
33,B1Su,4,1.152336e+05
33,B1Su,5,5.449677e+05
33,B1Su,6,1.941361e+05
33,B1Su,7,3.813387e+05
33,B1Su,8,2.731772e+04
33,B1Su,9,4.201659e+04
33,B1Su,10,3.716319e+04
33,B1Su,11,2.884308e+04
33,B1Su,12,2.759506e+05
33,B1Su,13,4.021390e+05
33,B1Su,14,1.761092e+05
33,B1Su,15,1.733358e+03
33,B1Su,16,8.375585e+04
33,B1Su,17,1.816559e+05
33,B1Su,18,1.306258e+05
33,B1Su,19,3.549917e+04
33,B1Su,21,3.203245e+03
33,B1Su,22,2.496035e+03
33,B1Su,24,2.385100e+03
33,B1Su,25,4.284861e+03
33,B1Su,26,4.354195e+03
33,B1Su,27,2.482168e+03
33,B1Su,28,2.537636e+03
33,C1Pu,0,5.879550e+03
33,C1Pu,1,1.338152e+06
33,C1Pu,2,4.257127e+05
33,C1Pu,3,3.522183e+04
33,C1Pu,4,9.734538e+03
33,C1Pu,5,4.825668e+03
33,C1Pu,8,2.149364e+04
33,Bp1Su,1,7.321704e+03
33,Bp1Su,2,7.945712e+03
34,B1Su,0,7.151107e+04
34,B1Su,1,3.620560e+04
34,B1Su,2,1.100170e+04
34,B1Su,3,1.160180e+05
34,B1Su,4,4.240656e+05
34,B1Su,5,5.280817e+05
34,B1Su,6,6.641028e+05
34,B1Su,7,3.490540e+05
34,B1Su,8,1.030159e+05
34,B1Su,10,3.000464e+04
34,B1Su,12,7.521164e+04
34,B1Su,13,2.370367e+05
34,B1Su,14,2.250348e+05
34,B1Su,15,6.080941e+04
34,B1Su,16,3.030469e+03
34,B1Su,17,7.991237e+04
34,B1Su,18,1.240192e+05
34,B1Su,19,7.821211e+04
34,B1Su,20,1.970305e+04
34,B1Su,22,1.710265e+03
34,B1Su,23,1.330206e+03
34,B1Su,25,1.090169e+03
34,B1Su,26,2.070320e+03
34,B1Su,27,2.700418e+03
34,C1Pu,0,1.350209e+03
34,C1Pu,1,3.960613e+05
34,C1Pu,2,3.340517e+05
34,C1Pu,3,6.861062e+04
34,C1Pu,4,1.740269e+03
34,C1Pu,5,4.030624e+03
34,C1Pu,6,6.240966e+03
34,C1Pu,7,1.140176e+03
34,Bp1Su,1,2.230345e+03
34,Bp1Su,2,9.611488e+03
35,B1Su,0,2.728149e+05
35,B1Su,1,2.015110e+05
35,B1Su,2,1.291737e+05
35,B1Su,3,4.650254e+05
35,B1Su,4,1.209066e+06
35,B1Su,5,7.729755e+06
35,B1Su,6,2.438800e+05
35,B1Su,7,3.379184e+06
35,B1Su,8,1.250402e+06
35,B1Su,9,4.402240e+05
35,B1Su,10,1.932439e+04
35,B1Su,11,3.926881e+04
35,B1Su,12,1.157396e+05
35,B1Su,13,1.016855e+05
35,B1Su,14,3.585862e+04
35,B1Su,15,1.126395e+03
35,B1Su,16,8.194780e+03
35,B1Su,17,2.376796e+04
35,B1Su,18,2.666145e+04
35,B1Su,19,1.901437e+04
35,B1Su,20,1.064391e+04
35,B1Su,21,5.404628e+03
35,B1Su,23,1.891103e+03
35,B1Su,24,1.302071e+03
35,B1Su,28,2.387130e+03
35,C1Pu,0,5.425296e+03
35,C1Pu,1,1.715427e+06
35,C1Pu,2,1.446746e+06
35,C1Pu,3,2.883157e+05
35,C1Pu,4,9.920541e+04
35,C1Pu,6,6.768702e+03
35,C1Pu,7,2.345795e+03
35,C1Pu,9,3.058833e+04
35,Bp1Su,0,1.488081e+03
35,Bp1Su,1,1.240068e+04
35,Bp1Su,2,5.518301e+04
35,Bp1Su,3,2.800486e+03
36,B1Su,0,4.482853e+04
36,B1Su,1,3.200639e+03
36,B1Su,2,2.740609e+04
36,B1Su,3,1.194122e+04
36,B1Su,4,2.202275e+05
36,B1Su,5,2.740609e+05
36,B1Su,6,7.614977e+05
36,B1Su,7,2.055456e+05
36,B1Su,8,1.468183e+05
36,B1Su,9,2.261002e+04
36,B1Su,10,1.135395e+04
36,B1Su,11,1.164759e+04
36,B1Su,12,1.331153e+04
36,B1Su,13,1.292001e+05
36,B1Su,14,2.280578e+05
36,B1Su,15,1.389880e+05
36,B1Su,16,1.673729e+04
36,B1Su,17,1.898850e+04
36,B1Su,18,9.122311e+04
36,B1Su,19,1.076668e+05
36,B1Su,20,5.774854e+04
36,B1Su,21,1.272425e+04
36,B1Su,22,2.818912e+03
36,B1Su,23,1.380092e+03
36,B1Su,24,9.983646e+02
36,B1Su,27,1.301789e+03
36,B1Su,29,1.703092e+03
36,C1Pu,1,1.810759e+05
36,C1Pu,2,2.182699e+05
36,C1Pu,3,9.983646e+04
36,C1Pu,5,4.463277e+03
36,C1Pu,7,3.376821e+03
36,C1Pu,8,8.143523e+04
36,C1Pu,9,3.073397e+03
36,Bp1Su,1,1.683517e+03
36,Bp1Su,2,1.370304e+03
36,Bp1Su,3,1.429032e+03
37,B1Su,0,3.070160e+05
37,B1Su,1,6.720508e+04
37,B1Su,2,6.140320e+04
37,B1Su,5,6.007360e+05
37,B1Su,6,2.030657e+06
37,B1Su,7,1.147079e+05
37,B1Su,9,2.973462e+05
37,B1Su,10,2.671281e+04
37,B1Su,11,1.257073e+04
37,B1Su,12,4.677763e+03
37,B1Su,13,1.462557e+04
37,B1Su,14,1.168837e+05
37,B1Su,15,1.583429e+05
37,B1Su,16,8.352286e+04
37,B1Su,19,7.905058e+04
37,B1Su,20,7.880883e+04
37,B1Su,21,3.783307e+04
37,B1Su,22,6.176582e+03
37,B1Su,24,2.296576e+03
37,B1Su,25,1.668040e+03
37,B1Su,29,1.897697e+03
37,B1Su,30,1.740563e+03
37,C1Pu,1,3.505301e+05
37,C1Pu,2,2.006483e+05
37,C1Pu,3,4.012965e+05
37,C1Pu,5,1.522993e+04
37,C1Pu,6,2.816328e+03
37,C1Pu,7,8.594031e+03
37,C1Pu,8,1.390033e+03
37,C1Pu,9,1.281248e+04
37,Bp1Su,0,3.178945e+03
37,Bp1Su,2,3.348167e+04
37,Bp1Su,3,1.414208e+04
38,B1Su,0,3.712683e-192
38,B1Su,1,2.218171e-192
38,B1Su,2,1.809146e-193
38,B1Su,3,1.230220e-194
38,B1Su,4,8.054634e-193
38,B1Su,5,2.007366e-192
38,B1Su,6,1.227073e-191
38,B1Su,7,2.060854e-192
38,B1Su,8,1.890951e-192
38,B1Su,9,1.957024e-192
38,B1Su,10,1.453610e-192
38,B1Su,11,7.551220e-194
38,B1Su,12,1.186171e-193
38,B1Su,13,4.782439e-193
38,B1Su,14,4.530732e-193
38,B1Su,15,1.485073e-193
38,B1Su,18,6.292683e-194
38,B1Su,19,1.290000e+07
38,B1Su,20,5.694878e-194
38,B1Su,21,1.271122e-194
38,B1Su,26,5.002683e-195
38,B1Su,27,4.719512e-195
38,C1Pu,1,1.570024e-192
38,C1Pu,3,2.350317e-192
38,C1Pu,5,1.101220e-193
38,C1Pu,6,1.450463e-194
38,C1Pu,7,1.164146e-194
38,C1Pu,9,1.497659e-193
38,C1Pu,10,5.191463e-194
38,Bp1Su,0,4.027317e-194
38,Bp1Su,2,2.372341e-193
38,Bp1Su,3,1.179878e-193
39,B1Su,0,1.857658e+06
39,B1Su,1,1.746989e+06
39,B1Su,2,2.577006e+05
39,B1Su,3,7.169769e+04
39,B1Su,4,1.881373e+05
39,B1Su,5,2.158045e+04
39,B1Su,6,2.671865e+04
39,B1Su,7,7.067005e+05
39,B1Su,8,1.936707e+06
39,B1Su,9,2.972253e+04
39,B1Su,10,6.814047e+03
39,B1Su,11,9.644011e+02
39,B1Su,12,1.976232e+03
39,B1Su,13,2.916918e+04
39,B1Su,14,8.932568e+04
39,B1Su,15,9.802110e+04
39,B1Su,16,5.399065e+04
39,B1Su,17,1.833943e+04
39,B1Su,18,3.833890e+04
39,B1Su,19,4.403045e+04
39,B1Su,20,5.517639e+04
39,B1Su,21,3.786460e+04
39,B1Su,22,1.359647e+04
39,B1Su,23,1.897183e+03
39,B1Su,30,9.644011e+02
39,C1Pu,0,9.723061e+02
39,C1Pu,1,8.300174e+04
39,C1Pu,2,1.509841e+06
39,C1Pu,3,1.264788e+05
39,C1Pu,4,2.893203e+03
39,C1Pu,6,5.841741e+03
39,C1Pu,7,7.983977e+02
39,C1Pu,8,2.695580e+03
39,C1Pu,9,3.067112e+03
39,C1Pu,10,9.485913e+03
39,Bp1Su,0,2.110616e+04
39,Bp1Su,1,3.612552e+03
39,Bp1Su,2,6.134224e+04
39,Bp1Su,3,1.478221e+04
40,B1Su,0,7.920537e+06
40,B1Su,1,8.479754e+06
40,B1Su,2,1.189606e+06
40,B1Su,3,1.067595e+05
40,B1Su,4,6.385234e+04
40,B1Su,5,5.236299e+05
40,B1Su,6,4.077196e+05
40,B1Su,7,5.459985e+03
40,B1Su,8,2.460552e+05
40,B1Su,9,4.921104e+03
40,B1Su,10,1.647146e+03
40,B1Su,11,4.392390e+04
40,B1Su,12,1.850498e+04
40,B1Su,14,2.460552e+04
40,B1Su,15,4.809261e+04
40,B1Su,16,3.355298e+04
40,B1Su,17,5.307472e+03
40,B1Su,18,1.209941e+04
40,B1Su,19,1.769157e+04
40,B1Su,20,2.206363e+04
40,B1Su,21,1.270946e+04
40,B1Su,22,2.918093e+03
40,C1Pu,0,2.836752e+03
40,C1Pu,1,1.464130e+05
40,C1Pu,2,9.364333e+06
40,C1Pu,3,2.013179e+05
40,C1Pu,4,1.260779e+04
40,C1Pu,5,4.189039e+03
40,C1Pu,7,1.687817e+03
40,C1Pu,9,3.131612e+03
40,C1Pu,10,1.362454e+03
40,Bp1Su,0,8.866122e+04
40,Bp1Su,1,3.009601e+04
40,Bp1Su,2,2.155525e+05
40,Bp1Su,3,3.639990e+04
41,B1Su,0,2.245327e+05
41,B1Su,1,3.809193e+05
41,B1Su,2,7.024291e+04
41,B1Su,3,2.577321e+04
41,B1Su,4,4.578020e+05
41,B1Su,5,2.315220e+05
41,B1Su,6,4.717807e+05
41,B1Su,7,5.661369e+05
41,B1Su,8,2.341430e+05
41,B1Su,9,3.520882e+05
41,B1Su,10,2.559847e+04
41,B1Su,12,5.757472e+03
41,B1Su,14,1.677443e+04
41,B1Su,15,5.739999e+04
41,B1Su,16,7.277654e+04
41,B1Su,17,4.088766e+03
41,B1Su,18,2.315220e+03
41,B1Su,19,1.293029e+04
41,B1Su,20,3.782982e+04
41,B1Su,21,4.167396e+04
41,B1Su,22,2.280273e+04
41,B1Su,23,5.792419e+03
41,B1Su,26,1.048402e+03
41,B1Su,31,1.170715e+03
41,C1Pu,1,9.522981e+03
41,C1Pu,2,9.173514e+05
41,C1Pu,3,4.796437e+04
41,C1Pu,4,4.062556e+04
41,C1Pu,5,8.177533e+03
41,C1Pu,6,2.315220e+03
41,C1Pu,7,2.166697e+03
41,C1Pu,8,3.057838e+03
41,C1Pu,10,4.848857e+03
41,Bp1Su,0,2.044383e+03
41,Bp1Su,1,4.927488e+03
41,Bp1Su,2,2.332694e+03
41,Bp1Su,3,1.764809e+03
42,B1Su,0,5.838265e+05
42,B1Su,1,6.176270e+05
42,B1Su,2,2.120212e+05
42,B1Su,3,1.823178e+05
42,B1Su,4,1.259836e+05
42,B1Su,5,4.793523e+05
42,B1Su,6,2.243123e+06
42,B1Su,7,1.720752e+06
42,B1Su,9,3.216167e+06
42,B1Su,10,2.038272e+05
42,B1Su,11,4.312122e+05
42,B1Su,12,1.802692e+03
42,B1Su,13,3.236652e+04
42,B1Su,14,1.280321e+05
42,B1Su,15,6.381121e+04
42,B1Su,16,1.597841e+04
42,B1Su,17,3.656598e+04
42,B1Su,18,1.270079e+03
42,B1Su,19,3.205925e+04
42,B1Su,20,1.935846e+04
42,B1Su,21,6.647428e+03
42,B1Su,27,1.147168e+03
42,B1Su,28,1.218866e+03
42,C1Pu,1,3.185439e+04
42,C1Pu,2,2.171425e+06
42,C1Pu,3,3.400533e+05
42,C1Pu,4,1.444202e+05
42,C1Pu,5,7.057131e+04
42,C1Pu,8,1.085712e+04
42,C1Pu,9,7.118586e+03
42,C1Pu,10,2.089484e+04
42,C1Pu,11,1.198381e+04
42,Bp1Su,0,2.632341e+03
42,Bp1Su,1,1.044742e+04
42,Bp1Su,2,5.377349e+03
42,Bp1Su,3,1.198381e+04
42,Bp1Su,4,3.912662e+03
43,B1Su,0,1.568382e+03
43,B1Su,1,1.568382e+04
43,B1Su,2,1.186884e+04
43,B1Su,5,8.795656e+03
43,B1Su,6,1.451813e+04
43,B1Su,7,1.504799e+03
43,B1Su,8,1.102106e+05
43,B1Su,9,1.939283e+05
43,B1Su,10,5.860238e+03
43,B1Su,11,8.064451e+04
43,B1Su,14,5.383365e+04
43,B1Su,15,6.877567e+04
43,B1Su,16,8.329380e+04
43,B1Su,17,2.553919e+04
43,B1Su,19,1.536590e+04
43,B1Su,21,4.726340e+04
43,B1Su,22,2.882432e+04
43,B1Su,23,1.070315e+04
43,B1Su,24,1.356439e+03
43,B1Su,32,1.102106e+03
43,C1Pu,2,1.282258e+03
43,C1Pu,3,1.018389e+04
43,C1Pu,4,2.140630e+03
43,C1Pu,5,2.288990e+03
43,C1Pu,6,2.575114e+03
43,C1Pu,7,3.295722e+03
43,C1Pu,11,3.592443e+03
44,B1Su,0,4.275405e+04
44,B1Su,1,1.566638e+05
44,B1Su,2,5.791507e+03
44,B1Su,3,2.880592e+04
44,B1Su,4,2.253937e+03
44,B1Su,5,9.692941e+04
44,B1Su,6,1.142130e+05
44,B1Su,7,2.708768e+05
44,B1Su,8,1.900180e+04
44,B1Su,10,2.142756e+05
44,B1Su,13,4.164225e+03
44,B1Su,15,1.819321e+03
44,B1Su,16,2.799734e+03
44,B1Su,17,1.950717e+03
44,B1Su,20,3.729609e+04
44,B1Su,21,2.941236e+03
44,B1Su,22,3.871112e+03
44,B1Su,23,3.577999e+03
44,B1Su,24,1.263418e+03
44,C1Pu,1,3.315208e+03
44,C1Pu,2,1.991146e+05
44,C1Pu,3,4.841417e+03
44,C1Pu,4,5.650004e+04
44,C1Pu,5,3.264671e+03
44,C1Pu,6,3.517355e+03
44,C1Pu,10,1.202774e+03
44,Bp1Su,1,2.476299e+03
44,Bp1Su,3,3.092847e+03
44,Bp1Su,4,1.425135e+03
