state,upper_v,A_cont_s_inv,A_bound_s_inv,A_tot_s_inv,tau_s,f_cont
B1Su,0,5.632E+00,1.868E+09,1.868E+09,5.353E-10,3.015E-09
B1Su,1,1.145E+02,1.741E+09,1.741E+09,5.744E-10,6.579E-08
B1Su,2,2.197E+04,1.632E+09,1.632E+09,6.127E-10,1.346E-05
B1Su,3,1.774E+05,1.536E+09,1.536E+09,6.510E-10,1.155E-04
B1Su,4,2.153E+06,1.448E+09,1.450E+09,6.897E-10,1.485E-03
B1Su,5,2.341E+07,1.349E+09,1.372E+09,7.289E-10,1.706E-02
B1Su,6,4.019E+07,1.261E+09,1.301E+09,7.686E-10,3.089E-02
B1Su,7,2.609E+08,9.751E+08,1.236E+09,8.091E-10,2.111E-01
B1Su,8,3.424E+08,8.346E+08,1.177E+09,8.496E-10,2.909E-01
B1Su,9,4.659E+08,6.561E+08,1.122E+09,8.913E-10,4.152E-01
B1Su,10,4.398E+08,6.322E+08,1.072E+09,9.328E-10,4.103E-01
B1Su,11,4.176E+08,6.074E+08,1.025E+09,9.756E-10,4.074E-01
B1Su,12,5.127E+08,4.677E+08,9.804E+08,1.020E-09,5.229E-01
B1Su,13,4.798E+08,4.593E+08,9.391E+08,1.065E-09,5.109E-01
B1Su,14,4.883E+08,4.120E+08,9.003E+08,1.111E-09,5.424E-01
B1Su,15,4.824E+08,3.816E+08,8.640E+08,1.157E-09,5.583E-01
B1Su,16,4.601E+08,3.700E+08,8.301E+08,1.205E-09,5.543E-01
B1Su,17,4.803E+08,3.187E+08,7.990E+08,1.252E-09,6.011E-01
B1Su,18,4.681E+08,3.021E+08,7.702E+08,1.298E-09,6.077E-01
B1Su,19,4.716E+08,2.723E+08,7.439E+08,1.344E-09,6.339E-01
B1Su,20,4.589E+08,2.610E+08,7.199E+08,1.389E-09,6.374E-01
B1Su,21,4.486E+08,2.495E+08,6.981E+08,1.432E-09,6.426E-01
B1Su,22,4.417E+08,2.366E+08,6.783E+08,1.474E-09,6.512E-01
B1Su,23,4.346E+08,2.252E+08,6.598E+08,1.516E-09,6.587E-01
B1Su,24,4.349E+08,2.079E+08,6.428E+08,1.556E-09,6.766E-01
B1Su,25,4.330E+08,1.936E+08,6.266E+08,1.596E-09,6.910E-01
B1Su,26,4.359E+08,1.763E+08,6.122E+08,1.633E-09,7.120E-01
B1Su,27,4.387E+08,1.620E+08,6.007E+08,1.665E-09,7.303E-01
B1Su,28,4.496E+08,1.474E+08,5.970E+08,1.675E-09,7.531E-01
B1Su,29,4.658E+08,1.357E+08,6.015E+08,1.663E-09,7.744E-01
B1Su,30,4.861E+08,1.256E+08,6.117E+08,1.635E-09,7.947E-01
B1Su,31,5.103E+08,1.151E+08,6.254E+08,1.599E-09,8.160E-01
B1Su,32,5.440E+08,1.021E+08,6.461E+08,1.548E-09,8.420E-01
B1Su,33,5.914E+08,8.588E+07,6.773E+08,1.476E-09,8.732E-01
B1Su,34,6.705E+08,6.583E+07,7.363E+08,1.358E-09,9.106E-01
B1Su,35,8.151E+08,3.707E+07,8.522E+08,1.173E-09,9.565E-01
B1Su,36,1.159E+09,5.471E+06,1.164E+09,8.591E-10,9.953E-01
C1Pu,0,1.856E-02,1.180E+09,1.180E+09,8.475E-10,1.573E-11
C1Pu,1,1.278E-01,1.159E+09,1.159E+09,8.628E-10,1.103E-10
C1Pu,2,2.738E+00,1.139E+09,1.139E+09,8.780E-10,2.404E-09
C1Pu,3,2.277E+01,1.121E+09,1.121E+09,8.921E-10,2.031E-08
C1Pu,4,2.255E+03,1.105E+09,1.105E+09,9.050E-10,2.041E-06
C1Pu,5,8.104E+03,1.090E+09,1.090E+09,9.174E-10,7.435E-06
C1Pu,6,7.286E+05,1.078E+09,1.079E+09,9.268E-10,6.753E-04
C1Pu,7,1.557E+06,1.069E+09,1.071E+09,9.337E-10,1.454E-03
C1Pu,8,3.967E+07,1.026E+09,1.066E+09,9.381E-10,3.721E-02
C1Pu,9,6.862E+07,9.994E+08,1.068E+09,9.363E-10,6.425E-02
C1Pu,10,4.051E+08,6.689E+08,1.074E+09,9.311E-10,3.772E-01
C1Pu,11,4.630E+08,6.270E+08,1.090E+09,9.174E-10,4.248E-01
C1Pu,12,7.128E+08,3.982E+08,1.111E+09,9.001E-10,6.416E-01
C1Pu,13,9.780E+08,2.080E+08,1.186E+09,8.432E-10,8.246E-01
D1Pu,0,2.060E+00,3.460E+08,3.460E+08,2.890E-09,5.954E-09
D1Pu,1,4.660E+00,3.350E+08,3.350E+08,2.985E-09,1.391E-08
D1Pu,2,6.020E+00,3.260E+08,3.260E+08,3.067E-09,1.847E-08
D1Pu,3,1.260E+01,3.180E+08,3.180E+08,3.145E-09,3.962E-08
D1Pu,4,7.730E+02,3.130E+08,3.130E+08,3.195E-09,2.470E-06
D1Pu,5,6.230E+03,3.090E+08,3.090E+08,3.236E-09,2.016E-05
D1Pu,6,2.370E+05,3.060E+08,3.062E+08,3.265E-09,7.739E-04
D1Pu,7,1.190E+06,3.040E+08,3.052E+08,3.277E-09,3.899E-03
D1Pu,8,1.130E+07,2.930E+08,3.043E+08,3.286E-09,3.713E-02
D1Pu,9,3.130E+07,2.740E+08,3.053E+08,3.275E-09,1.025E-01
D1Pu,10,1.020E+08,1.840E+08,2.860E+08,3.497E-09,3.566E-01
D1Pu,11,1.500E+08,1.620E+08,3.120E+08,3.205E-09,4.808E-01
D1Pu,12,1.440E+08,1.290E+08,2.730E+08,3.663E-09,5.275E-01
D1Pu,13,1.800E+08,1.020E+08,2.820E+08,3.546E-09,6.383E-01
D1Pu,14,2.690E+08,4.420E+07,3.132E+08,3.193E-09,8.589E-01
D1Pu,15,2.060E+08,3.070E+07,2.367E+08,4.225E-09,8.703E-01
Bp1Su,0,5.360E+00,3.800E+08,3.800E+08,2.632E-09,1.411E-08
Bp1Su,1,1.570E+01,3.290E+08,3.290E+08,3.040E-09,4.772E-08
Bp1Su,2,1.670E+01,2.870E+08,2.870E+08,3.484E-09,5.819E-08
Bp1Su,3,4.870E+01,2.450E+08,2.450E+08,4.082E-09,1.988E-07
Bp1Su,4,2.080E+02,1.980E+08,1.980E+08,5.050E-09,1.051E-06
Bp1Su,5,5.170E+03,1.220E+08,1.220E+08,8.196E-09,4.238E-05
Bp1Su,6,9.220E+05,1.330E+07,1.422E+07,7.031E-08,6.483E-02
Bp1Su,7,2.410E+06,1.340E+07,1.581E+07,6.325E-08,1.524E-01
Bp1Su,8,7.090E+06,8.640E+06,1.573E+07,6.357E-08,4.507E-01
